product_id,title,categories
6abf69506610300fdff8132d,"Pumpkin Bowl - Fruit, Vegetable Storage Container & Organizer with Removable Lid","kitchen-storage"
6abf69506610300fdff81330,"Nimbus Desk Planter Vase With Drip Tray (Manual)","planters-vases"
6abf69506610300fdff8132f,"Pistachio Bowl with Hidden Waste Compartment (Pista Bowl)","kitchen-storage"
6abf69506610300fdff81332,"Bonsai MagSafe Dock for Apple iPhone, iWatch, & Airpods","gadget-stands"
6abf69506610300fdff8132e,"Pistachio Cup with Hidden Waste Compartment (Pista Cup)","kitchen-storage"
6abf69506610300fdff81331,"Lotus Om Incense Holder – Mess-Free Pooja","incense-holders"
6abf69506610300fdff81334,"Ganesh Ji & Mushak Ji Incense Holder with Ash Tray – Divine Home Décor & Pooja Accessory","incense-holders"
6abf69506610300fdff8135a,"NOBody Love's Embracep - A Minimalist Sculpture","sculptures-figurines"
6abf69506610300fdff8135d,"Life-Size Macaw 3D Wall/Table Top Decor","wall-decor"
6abf69506610300fdff8135e,"WaveGlow Ambient Table Lamp","lamps"
6abf69506610300fdff81362,"Dress-Shaped Pen Holder (Single Colour)","desk-organizers"
6abf69506610300fdff81368,"Cup Cake Container - Two Part Storage","kitchen-storage"
6abf69506610300fdff81356,"Luma Desk Vase Lamp for Soft Ambient Glow","lamps|planters-vases"
6abf69506610300fdff81363,"Sky Hunter Flying Ikran Avatar Creature Wind Chime – Hanging Decor for Home & Kids Room","wall-decor"
6abf69506610300fdff8134b,"Tree Trunk Trash Can with Swing Lid (Wastebasket, Dustbin)","kitchen-storage"
6abf69506610300fdff81333,"Old Tree Wall Decor Picture Frame (With One Miniature Toy)","photo-frames|wall-decor"
6abf69506610300fdff81339,"Buddha Incense Holder for Calming Spaces (Single Colour)","incense-holders"
6abf69506610300fdff8133d,"Modular Self-Watering Planter Set | Easy Plant Care (Pack of 2)","planters-vases"
6abf69506610300fdff81340,"Bubble 4x6 Photo Frame – Tabletop & Wall-Mount","photo-frames"
6abf69506610300fdff81346,"Retro Pleated Heart Jewelry Box","jewelry-boxes"
6abf69506610300fdff81349,"Tiramisu Tissue Box Holder","kitchen-storage"
6abf69506610300fdff81359,"Retro Cake Jewelry Box with Hidden Storage","jewelry-boxes"
6abf69506610300fdff81366,"Magnetic Fridge Calendar","fridge-magnets"
6abf69506610300fdff8133a,"Tyre Stack Pen Holder – Stylish Desk Organisation","desk-organizers"
6abf69506610300fdff8133c,"Personalized Kids Room/Home Sign – Custom Name Decor","wall-decor"
6abf69506610300fdff8134d,"Modern Herb Planter Set with Drainage & Legs (set of 2)","planters-vases"
6abf69506610300fdff8134f,"Banana Fridge Magnets – Fun Kitchen & Home Decor","fridge-magnets"
6abf69506610300fdff81354,"Stag Red Deer Wall Lamp for Cozy Rustic Decor","lamps"
6abf69506610300fdff81364,"Pencil Case - Multipurpose Pencil Box","desk-organizers"
6abf69506610300fdff81341,"Sushi Roll Cat House Table – Cozy 2-in-1 Furniture","pet-furniture"
6abf69506610300fdff81344,"Whimsical Corner Staircase Wall Decor – Space-Saving Art","wall-decor"
6abf69506610300fdff81348,"Pineapple Coaster Set (8 Pcs In One Set)","coasters"
6abf69506610300fdff81353,"Gelato Ice Cream Cone Desk Lamp for Cozy Ambient Light","lamps"
6abf69506610300fdff81351,"Aromatic Orchid Oil Diffusor and Incense Holder - with Spinning Leaves","incense-holders"
6abf69506610300fdff8135c,"Tom Cat Rose Vase Decor | Fun 3D Printed Accent","planters-vases"
6abf69506610300fdff81367,"Love Keychains - Valentines Day Gift (Set Of 7)","keychains"
6abf69506610300fdff81347,"Round Cake Container - Jewelry Box","kitchen-storage|jewelry-boxes"
6abf69506610300fdff8134a,"Garlic Night Light Lamp - Cute Cozy Glow (14cmx10cm)","lamps"
6abf69506610300fdff81336,"Cactus Coaster Vase – Stylish Space-Saving Decor","planters-vases"
6abf69506610300fdff81338,"Bamboo Themed Portable Chess Set – Travel Ready","games-toys"
6abf69506610300fdff8134e,"Modular Self-Watering Moss Pole for Climbers","planters-vases"
6abf69506610300fdff81352,"Enchanted Fairy Door Wall Shelf Decor","wall-decor"
6abf69506610300fdff81357,"Cloud XL Self-Watering Desk Planter Vase with Drip Tray","planters-vases"
6abf69506610300fdff8135b,"Watermelon Bowl - Fruit, Vegetable Storage Container & Organizer","kitchen-storage"
6abf69506610300fdff81360,"Sky Hunter Flying Toruk Avatar Creature Wind Chime – Hanging Decor for Home & Kids Room (Copy)","wall-decor"
6abf69506610300fdff8133b,"GOT Themed Dragon Flame LED Lamp – Cinematic Fantasy Glow","lamps"
6abf69506610300fdff81361,"Onyx Shadow Dragon : A Kinetic Sculpture &  Wind Chime – Hanging Decor for Home & Kids Room","wall-decor|sculptures-figurines"
6abf69506610300fdff81365,"Rainbow Cloud Piggy Bank","piggy-banks"
6abf69506610300fdff81335,"Crocodile Catch-All Tray – Stylish Entryway Organizer","jewelry-boxes"
6abf69506610300fdff81337,"Tree Bark Planter with Hidden Drip Tray","planters-vases"
6abf69506610300fdff8133f,"Copper Spiral 3D Wall Art – Bold Modern Statement","wall-decor"
6abf69506610300fdff81342,"Wobble Penguin Toy – Self-Righting Desk Decor (Pack of 2)","games-toys"
6abf69506610300fdff8135f,"North Indian Temple - Office/Home Table Top Temple with Light (Golden Kalashas & Gate)","sculptures-figurines"
6abf69506610300fdff81343,"David Bust Planter with Drainage Base","planters-vases"
6abf69506610300fdff8133e,"Katana Warrior Incense Holder with Ash Catcher","incense-holders"
6abf69506610300fdff8134c,"Mushroom Lamp – Amanita Muscaria Design","lamps"
6abf69506610300fdff81350,"Wrap Tube Propagation Vase Holder for Wall & Table (Set Of 6)","planters-vases"
6abf69506610300fdff81345,"Vino Grace - Kintsugi Wine holder","kitchen-storage"
6abf69506610300fdff81358,"Spiral Desk Vase with Drip Tray (Manual)","planters-vases"
6abf69506610300fdff81355,"Bamblock Knife Blocks & Holder","kitchen-storage"
6abf69506610300fdff81369,"Love You Heart String Art With Customised Name - Best Valentine Gift","wall-decor"
6abf69506610300fdff8136c,"Dinosaur Piggy Bank","piggy-banks"
6abf69506610300fdff8136a,"Forever In Love Articulated Heart - Valentine Gift Item","sculptures-figurines"
6abf69506610300fdff8136e,"Owl Ice Cream Pint Holder with Spoon Slots","kitchen-storage"
6abf69506610300fdff8136b,"Corgi Ice Cream Pint Holder with Spoon Slots","kitchen-storage"
6abf69506610300fdff8136d,"Polar Bear Ice Cream Pint Holder with Spoon Slots","kitchen-storage"
6abf69506610300fdff8136f,"Ice Cream Pint Holder with Spoon Slots (Penguin, Highland Cow, Bat, Cat)","kitchen-storage"
6abf69506610300fdff81371,"Love Knitted Cactus Décor Set (Threaded Design) – Valentine Gift Item","planters-vases"
6abf69506610300fdff81372,"Vanilla Creamy Cake Container - Jewelry Box and Gift Holder","kitchen-storage|jewelry-boxes"
6abf69506610300fdff81370,"Knitted Love Heart Cactus Smiley Pot (Threaded Design) – Valentine Gift","planters-vases"
6abf69506610300fdff81373,"Vintage Victorian Cake Container: Decor, Keepsake, Gift, Jewellery Box","kitchen-storage|jewelry-boxes"
6abf69506610300fdff81374,"Eggshell Pen Holder (Set Of 2)","desk-organizers"
6abf69506610300fdff81375,"Pencil Shaped Pen Holder","desk-organizers"
6abf69506610300fdff81376,"PS5 Slim Digital Horizontal Stand","gadget-stands"
6abf69506610300fdff81378,"Hoodie Desk Organiser - Pen Pot","desk-organizers"
6abf69506610300fdff8137a,"PlayBook'd Four in a Row Book Game - Board Game Gift","games-toys"
6abf69506610300fdff8137b,"NOBody Shelf Sitters - A Minimalist Sculpture","sculptures-figurines"
6abf69506610300fdff81377,"Xbox Series X - Horizontal Stand","gadget-stands"
6abf69506610300fdff81379,"Cacti Keys - Cactus Blooming Wall Mounted Keyholder","keychains"
6abf69506610300fdff8137c,"Aerofume Incense Holder","incense-holders"
6abf69506610300fdff8137d,"Flower Vases & Planters (Vero, Hollo, Kova, Silva)","planters-vases"
6abf69506610300fdff81384,"Ribbora Smart Table Lamp - App Controlled (16M Colours)","lamps"
6abf69506610300fdff8137f,"Neo Shade Carmen Smart Table Lamp - App Controlled (16M Colours)","lamps"
6abf69506610300fdff81382,"SunFlower Fridge Magnets","fridge-magnets"
6abf69506610300fdff81387,"Kumiko Smart Table Lamp - App Controlled (16M Colours)","lamps"
6abf69506610300fdff8137e,"TubeShade Incense Holder","incense-holders"
6abf69506610300fdff81386,"Hexa Smart Table Lamp - App Controlled (16M Colours)","lamps"
6abf69506610300fdff81380,"Pagoda LED Night Lamp","lamps"
6abf69506610300fdff81385,"Parametric Smart Table Lamp – App Controlled (16M Colours)","lamps"
6abf69506610300fdff81383,"Banana Bowl – Fruit, Vegetable Storage Container & Organizer","kitchen-storage"
6abf69506610300fdff81381,"Monstera Fridge Magnets","fridge-magnets"
6abf69506610300fdff81388,"Honeycomb Smart Table Lamp - App Controlled (16M Colours)","lamps"
6abf69506610300fdff8138e,"TATA Cat House","pet-furniture"
6abf69506610300fdff8138a,"Butterfly Fridge Magnets (Set Of 3)","fridge-magnets"
6abf69506610300fdff8138d,"Leafy Keys - Houseplant Keychains For Car Key Ring and House Keys (Set Of 6)","keychains"
6abf69506610300fdff8138b,"Leafix Classic Monstera Coaster Set With Magnetic Leaves & Pot","coasters"
6abf69506610300fdff8138c,"Forest Chess Set - Log and Mushroom Chess Board Set With Checkers","games-toys"
6abf69506610300fdff81391,"Leafix Mirror Monstera Bathroom Organizer (Mounts to the Mirror)","kitchen-storage"
6abf69506610300fdff8138f,"Cacti Chess - Roll up Cactus Chess Set (Foldable)","games-toys"
6abf69506610300fdff81389,"Wastebasket In The Shape Of A Sharpener","kitchen-storage"
6abf69506610300fdff81390,"Cactus Toothpick Holder For Dining Table","kitchen-storage"
6abf69506610300fdff81392,"Leafix Monstera Coaster Set With Magnetic Leaves & Pot","coasters"
6abf69506610300fdff81395,"LoopRoot Plant Propagation Vases, Test Tube Holder, Planter (Set Of 2)","planters-vases"
6abf69506610300fdff81394,"LiftBloom Indoor Planter with Legs - Desk Showpiece (Set Of 2)","planters-vases"
6abf69506610300fdff81393,"MagLeaf Magnetic Vine With Articulating Stems, Fridge Magnet (Morning Glory, Ivy Leaf & Boston Ivy Leaf)","fridge-magnets"
6abf69506610300fdff81396,"RootNest Plant Propagation Tube Vases, Test Tube Holder, Planter (Set Of 3)","planters-vases"
6abf69506610300fdff81398,"ORGANIS Minimalist Organic Table Lamp, Sculptural Shade","lamps"
6abf69506610300fdff81397,"Minions Desk Pen Holder, Modular Desk Organizer, Boy & Girl Characters","desk-organizers"
6abf69506610300fdff81399,"Lunair Table Lamp With Legs, App-Controlled (16M Colours)","lamps"
6abf69506610300fdff8139a,"“Do You Even Lift Bro?” – Weight Plate Gym Keychain for Fitness Lovers (Pack of 2)","keychains"
6abf69506610300fdff8139d,"Premium Moon Lamp | Lithophane Night Light - Ideal Home Decor","lamps"
6abf69506610300fdff8139c,"Miniature Car Garage Key Holder with 1:64 Scale Model – Wall Mount with Opening Garage Door (With Hot Wheels Car)","keychains"
6abf69506610300fdff8139b,"Smooth Marble Run/Gravity Spiral Ball Run – Kinetic Desktop Toy for Kids & Adults","games-toys"
6abf69506610300fdff813a0,"Balance Table Game ""BONSAI"" for two – Bonsai Tree Design – Board Game – Plant Game – Gift for Plant Lovers","games-toys"
6abf69506610300fdff8139e,"Twist Smart Glow Table Lamp, Sculptural Shade, App-Controlled (16M Colours)","lamps"
6abf69506610300fdff813a1,"Lantern, Desk Vase With Grow Light And Drip Tray (Manual)","planters-vases"
6abf69506610300fdff8139f,"Elowen Table Lamp, Sculptural Shade, App-Controlled (16M Colours)","lamps"
6ac22855bef7335f2c9b09ff,"Custom Name Keychain - Personalised 3D Printed Name Tag","keychains"
6ac22856bef7335f2c9b0a01,"Flexi Baby Dino Keychain - Articulated 3D Printed Dinosaur","keychains"
6ac22856bef7335f2c9b0a03,"Derpy Duck Keychain - Cute 3D Printed Duck Charm","keychains"
6ac22856bef7335f2c9b0a05,"Dumpling Clicker Keychain - Squishy Press Fidget Charm","keychains"
6ac22856bef7335f2c9b0a07,"Knitted Heart Keychain - Textured 3D Printed Heart Charm","keychains"
6ac22856bef7335f2c9b0a09,"Heart Macaron Keychain - Cute Face Macaron Charm","keychains"
6ac22856bef7335f2c9b0a0b,"Heart Waffle Keychain - Whipped Cream Waffle Charm","keychains"
6ac22856bef7335f2c9b0a0d,"Kawaii Kitty Keychain - Pink Bow Cat Figurine Charm","keychains"
6ac22856bef7335f2c9b0a0f,"Flexi Octopus Keychain - Articulated 3D Printed Octopus","keychains"
